{
  "model_path": "/home/charles/WORK/train/evaluation/models/lora-step1797",
  "images": 1000,
  "protocol": {
    "dataset": "VOC2007 test",
    "classes": [
      "aeroplane",
      "bicycle",
      "bird",
      "boat",
      "bottle",
      "bus",
      "car",
      "cat",
      "chair",
      "cow",
      "diningtable",
      "dog",
      "horse",
      "motorbike",
      "person",
      "pottedplant",
      "sheep",
      "sofa",
      "train",
      "tvmonitor"
    ],
    "prompting": "one single-category grounding query for each GT-positive class per image",
    "scope": "positive-category conditional localization; absent classes are not queried",
    "generation_mode": "hybrid",
    "max_new_tokens": 512,
    "decoding": "official sampling (do_sample=True, temperature=0.7, top_p=0.9)",
    "confidence_note": "Model emits no confidence scores; detections use stable output order for AP ranking."
  },
  "ap": {
    "map_50_95": 0.6750724170722909,
    "ap50": 0.8821956429849251,
    "ap75": 0.7277070107307444
  },
  "accuracy_iou50": {
    "micro_precision": 0.8891145410235581,
    "micro_recall": 0.9334754797441365,
    "micro_f1": 0.9107551487414188
  },
  "per_class_ap50": {
    "aeroplane": 0.9614617940199339,
    "bicycle": 0.9119125486135963,
    "bird": 0.9760649087221092,
    "boat": 0.8631157201502864,
    "bottle": 0.6974966411709094,
    "bus": 0.9791666666666666,
    "car": 0.9542882994554092,
    "cat": 0.988165680473373,
    "chair": 0.7375203287101223,
    "cow": 0.8676771235322138,
    "diningtable": 0.9022680218332395,
    "dog": 1.0,
    "horse": 0.9471360265417643,
    "motorbike": 0.8647729943382115,
    "person": 0.8249101098235867,
    "pottedplant": 0.599689830770881,
    "sheep": 0.8085255066387138,
    "sofa": 0.9567099567099568,
    "train": 0.8905660377358497,
    "tvmonitor": 0.9124646637916741
  },
  "performance": {
    "warmup_images_excluded": 5,
    "measured_images": 995,
    "total_seconds": 471.5506153131282,
    "images_per_second": 2.1100598062824725,
    "queries_per_second": 3.2340112608851963,
    "measured_queries": 1525,
    "mean_latency_seconds": 0.47392021639510373,
    "p50_latency_seconds": 0.3747331100021256,
    "p95_latency_seconds": 1.2137318630120717,
    "peak_gpu_memory_mib": 8058.25341796875
  }
}
